id	name	name_long	name_latin	name_alternative	departement	arrondissement	canton	commune	diocese	diocese_today	circonscription	patrocinium	branch	status_or_type	gender	foundation_earliest	foundation_latest	dissolution_earliest	dissolution_latest	founder	founder_type	founder_subtype	founder_gender	founder_certainty	exemption_start_date	exemption_end_date	wiki_en_reference	wiki_fr_reference	y_coordinates	x_coordinates	localisation_precision	localisation_note	note_general	entry_main_editor
1	Abbecourt		 	Alborum #Alba Curia #Habbecourt #Habecourt #Aubecourt #Abbecourt-en-Penserais	Yvelines	Saint-Germain-en-Laye	Poissy	Orgeval	Chartres	Versailles	Ponthieu	Notre-Dame		abbey	m	1180	1191	1789	1792	Gasun	secular lord		m	certain			https://en.wikipedia.org/wiki/Abbecourt_Abbey	https://fr.wikipedia.org/wiki/Abbaye_Notre-Dame_d'Abbecourt	48.9125215	1.9593623	precise			Jaroslava Judita Fabíková
3	Amiens			Sainct Jehan les Amyens	Somme				Amiens	Amiens	Ponthieu	Saint-Jean-Baptiste		abbey	f	1124	1124	1790	1790	Guy de Flichecourt	secular lord		m	certain				https://fr.wikipedia.org/wiki/Abbaye_Saint-Jean-des-Pr%C3%A9montr%C3%A9s_d%27Amiens	49.8986514	2.2145974	precise			Jaroslava Judita Fabíková
4	Ardenne			Ardena #Ardeennes #Ardeennaine #Ardeenneine	Calvados 	Caen	Caen	Saint-Germain-la-Blanche-Herbe	Bayeux	Bayeux	Normandie méridionale	Notre-Dame		abbey	m	1144	1150	1790	1791	Aiulf du Marché	secular lord		m	certain			https://en.wikipedia.org/wiki/Abbey_d%27Ardenne	https://fr.wikipedia.org/wiki/Abbaye_d'Ardenne 	49.18995	-0.40933	precise			Jaroslava Judita Fabíková
5	Ardres			Ardeia	Pas-de-Calais	Saint-Omer			Thérouanne	Arras	Flandre	Saint-Audomar		priory	m	1120	1144	1145	1145	Arnaud ď Ardres	secular lord		m	certain			https://en.wikipedia.org/wiki/Ardres	https://fr.wikipedia.org/wiki/Liste_des_seigneurs_d%27Ardres	50.85786	1.98168	precise		priory was established in 1070	Jaroslava Judita Fabíková
6	Ares			Santa Anna de Arros #Sainte Anne ď Arres	Haute-Garonne	Saint-Gaudens	Aspet	Cazaunos	Comminges	Toulouse	Gascogne	Sainte-Anne		priory	m	1240	1240	1501	1599	Pierre de Malavicina	secular lord		m	certain					43.0227	0.57814	precise			Jaroslava Judita Fabíková
7	Arthous			Artosa #Artoasium #Arthos #Artous #Artoux	Landes	Dax	Pyerehorade	Hastingues	Aire et Dax	Aire et Dax	Gascogne	Notre-Dame		abbey	d	1160	1160	1790	1791	Martin Sanche	secular lord		m	certain				https://fr.wikipedia.org/wiki/Abbaye_d%27Arthous	43.5273542	-1.1236085	precise			Jaroslava Judita Fabíková
8	Aubeterre			Albatterra #Albapetra #Aubepierre #Saincte Perronelle ď Aulbeterre #de Schola #Escolette	Allier	Vichy	Escurolles	Brout-Vernet 	Clermont	Moulins	Auvergne	Saints-Gervais# Pétronille		priory	m	1120	1150	1600	1650	Gilbert	saint		m	certain				https://fr.wikipedia.org/wiki/Prieur%C3%A9_d%27Aubeterre	46.445103	4.591227	precise			Jaroslava Judita Fabíková
9	Aumont			Omont #Gosmunt #Omond #Oomant # Osmond	Oise	Beauvais	Noailles		Rouen	Beauvais	Ponthieu			monastery	d	1125	1125	1221	1221		unknown			uncertain					46.780795	1.864683	precise			Jaroslava Judita Fabíková
10	Auxerre			Sancti Mariani Autissiodorensis #Altissiodorensis	Yonne				Auxerre	Sens	France	Notre-Dame # Saint-Marien		abbey	d	1141	1141	1790	1799	Hugues de Fosses 	other	abbe	m	certain			https://en.wikipedia.org/wiki/Abbey_of_St_Marianus,_Auxerre	https://fr.wikipedia.org/wiki/Abbaye_Saint-Marien_d'Auxerre	47.79194	3.56644	precise			Jaroslava Judita Fabíková
11	Avigny			Aveniacum #Aviniacum #Avinneium #Avignevium #Hallignicourt #Aliniaca Curtis	Haute-Marne	Saint-Dizier	Hallignicourt	Hallignicourt	Chalons	Langres	France	Notre-Dame 		abbey	d	1140	1147	1790	1790	Guillame de Dampierre	other	donor	m	certain					47.58498	3.70754	precise			Jaroslava Judita Fabíková
12	Balarin				Gers	Condom	Montréal-duGers	Montréal-duGers	Auch	Auch	France	Saint-Joseph		priory	m	1867	1878	1920	1924	Joseph Willekens	monk/nun	abbot	m	certain					43.96528	0.24992	precise			Jaroslava Judita Fabíková
13	Bassefontaine			Bassus Fons #Imus Fons #Bassa Funtana #Batisfontis #Imi Fontis #Fons Inferior #Bassacum &Monasterium Basifontanum #Basse Fontenne #Basses Fontaines	Aube	Bar-sur.Aube	Brienne-le-Chateau	Brienne-la-Vielle	Troyes	Troyes	France	Notre-Dame et Saint-Jean-Baptiste		abbey	d	1143	1143	1773	1773	Gautier II	secular lord		m	certain				https://fr.wikipedia.org/wiki/Abbaye_de_Basse-Fontaine	48.3743162	4.5017067	precise			Jaroslava Judita Fabíková
14	Beaulieu			Bellus Locus #Nostre Dame de Beau Lieu #Biaullieu #Bialeu #Biauleue #Biau Leu #Bel Lieu	Aube	Bar-sur-Aube	Verdeuvre-sur-Barse	Trannes	Troyes	Troyes	France	Notre-Dame		abbey	m	1120	1147	1790	1791	Odon#Osbert#Alard	monk/nun		m	certain				https://fr.wikipedia.org/wiki/Abbaye_de_Beaulieu_(Aube)	48.4929112	2.3379736	precise		Founders: three monks: Odon, Osbert, Alard	Jaroslava Judita Fabíková
15	Beaumont-les-Nonnans			Bellus Mons #Jouy-la-Grande	Oise	Beauvais	Auneuil		Rouen	Beauvais	Ponthieu	Notre-Dame et Saint-Jean-Baptiste		monastery	d	1122	1122	1794	1794	Ansculphe de Senooz	other	donor	f	certain					48.7675179	-3.023491	precise			Jaroslava Judita Fabíková
16	Beauport			Bellus Portus #de Puchro Portu #de Bello Portu in Goilou	Cotes-ďArmor	Saint-Brieuc	Paimpol	Paimpol	Saint-Brieuc	Saint-Brieuc	Normandie du Nord	Notre-Dame		abbey	m	1184	1189	1797	1797	Alain I	secular lord		m	certain				https://fr.wikipedia.org/wiki/Abbaye_de_Beauport	48.7675179	-3.023491	precise			Jaroslava Judita Fabíková
17	Béhaune			Behaume #Behauns #Behaune-en-Lantabat #Sent Per de Behaun	Pyrénées-Atlantiques	Bayonne	Iholdy	Lantabat	Bayonne	Bayonne	Gascogne	Saint-Pierre		monastery	d	1227	1227	1791	1791	Pierre Arnaud	secular lord		m	certain					43.27141	-1.11458	precise			Jaroslava Judita Fabíková
18	Belchamp			Bellus Campus #Belchamp	Doubs	Montbéliard	Valentigny	Vaujancourt	Besancon	Besancon	Bourgogne	Notre-Dame		abbey	d	1142	1145	1725	1768	Thierry II	secular lord		m	certain				https://fr.wikipedia.org/wiki/Abbaye_Notre-Dame_de_Belchamp	47.484722	6.804166	precise			Jaroslava Judita Fabíková
19	Belle-Étoile			Bella Stella #Belle Estelle #Belle Stoille #Belle Estoille #Bellestoille #Belle Eteile	Orne	Argentan	Flers	Cerisy-Belle-Etoile	Bayeux	Séez	Normandie méridionale	Notre-Dame		abbey	f	1190	1217	1790	1826	Henri de Beaufou	secular lord		m	certain				https://fr.wikipedia.org/wiki/Abbaye_de_Belle-%C3%89toile	48.5421233	-0.6830108	approximate			Jaroslava Judita Fabíková
20	Belletanche			Bellum Stagnum #Belétang #Beltange #Belle Stainche #Stanche	Moselle	Metz	Metz	Metz	Metz	Metz	Lorraine	Notre-Dame		monastery	f	1157	1157	1632			unknown			uncertain					49.11015	6.2124	precise			Jaroslava Judita Fabíková
21	Bellevaux				Nievre	Chateau-Chinon	Chatillon-en-Bazois	Limanton	Nevers	Nevers	Auvergne	Notre-Dame et Saint-Paul		abbey	d	1152	1662	1562	1790	Guillaume III	secular lord		m	certain				https://fr.wikipedia.org/wiki/Abbaye_Notre-Dame_et_Saint-Paul_de_Bellevaux	47.0232897	3.7349863	precise			Jaroslava Judita Fabíková
22	Bellozanne			Bella Osanna #Bella Hosanna #Bella Osenna #Bellosanna #Bellosane #Belozane	Seine-Maritime	Dieppe	Gournay-en-Bray	Brémontiers-Merval	Rouen	Rouen	Normandie méridionale	Notre-Dame et Sainte-Marguerite 		abbey	m	1198	1198	1790	1790	Hugues V de Gournay	secular lord		m	certain				https://fr.wikipedia.org/wiki/Abbaye_Notre-Dame_de_Bellozanne	49.6866	1.37784	precise			Jaroslava Judita Fabíková
23	Belval			Bella Vallis #Belval in Dueleto #Pulchra Vallis #Aurea Vallis #Lacus Virensis #Belval-en-Duelet #Belval-en-Diolet #Belval-en-Dyolet #Belval-en-Dieullet #Belval-en-Argonne #Belval-Bois-des-Dames	Ardennes	Vouziers	Buzancy	Belval-Bois-des-Dames 	Reims	Reims	Lorraine	Notre-Dame		abbey	d	1133	1133	1791	1791	Adalbéron	bishop		m	certain				https://fr.wikipedia.org/wiki/Abbaye_de_Belval_au_Bois-des-Dames	50.4164867	2.3362392	precise			Jaroslava Judita Fabíková
24	Benoite-Vaux			Benedicta Vallis #Martinhan	Meuse	Verdun	Souilly	Rambluzin-et-Benoite-Vaux	Verdun	Verdun	Lorraine	Notre-Dame		priory	m	1140	1140	1793	1793	Albéron de Chiny	bishop		m	certain					48.97829	5.35079	precise			Jaroslava Judita Fabíková
25	Bertricourt			Bertincort #Bertricort #Betricort #Bertrincourt #Bertincuria	Somme	Amiens	Amiens	Amiens	Amiens	Amiens	Ponthieu	Saint-Etienne		monastery	f	1170	1170	1629	1629		unknown			uncertain					49.39514	4.0099	precise			Jaroslava Judita Fabíková
26	Bérupt			Bellum Rivum #Belrup #Belruit #Belrut	Moselle	Metz-Campagne	Verny	Sécourt	Metz	Metz	Lorraine			priory	m	1200	1215	1786	1786		unknown			uncertain					48.95511	6.27118	precise			Jaroslava Judita Fabíková
27	Bessun			Bessunum					Amiens	Amiens				abbey	f	1124	1124	1790	1790		unknown			uncertain							not found			Jaroslava Judita Fabíková
28	Blanchelande			Alta Brugeria #Blancalanda	Manche	Coutances	La Haye-du-Puits	Neufmesnil	Coutances	Coutances	Normandie du Nord	Notre-Dame et Saint-Nicolas		abbey	f	1154	1155	1790	1790	Richard	bishop		m	certain				https://fr.wikipedia.org/wiki/Abbaye_de_Blanchelande			precise			Jaroslava Judita Fabíková
29	Bois-des-Dames			Sylva Dominarum	Ardennes	Vouziers	Buzancy	Belval-Bois-des-Dames	Reims	Reims	Lorraine			abbey	f	1137	1137	1708	1708		unknown		f	uncertain					49.46917	5.03588	precise			Jaroslava Judita Fabíková
30	Boismont-sous-ľHautil			Boscus Mons #de Boscomonte #Bosmont #Beaumont	Yvelines	Mantes-la-Jolie	Meulan	Meulan	Rouen	Versailles	Ponthieu	Sainte-Marie-Madeleine		priory	m	1193	1193	1790	1790	Drogon	other	governor	m	certain							not found			Jaroslava Judita Fabíková
31	Bonfays			Bonum Fagetum #Bona Fagus #Bonifagium #Bomfail #Bomfaill #Bomfaix #Bomfaiz #Bomfayl #Bomfays #Bomffahi #Bomffaux #Bomffay #Bomfey #Bomfeys	Vosges	Epinal	Dompaire	Légéville-et-Bonfays	Toul	Saint-Dié	Lorraine	Notre-Dame		abbey	d	1145	1147	1790	1790	Guillaume ď Archies 	secular lord		m	certain				https://fr.wikipedia.org/wiki/Abbaye_Notre-Dame_de_Bonfays	48.1938888	-6.1422222	precise			Jaroslava Judita Fabíková
32	Bonlieu			Bonus Locus	Drome	Valence	Marsanne	Bonlieu-sur-Roubion	Valence	Valence		Sainte-Anne		abbey	f	1150	1171	1869	1871	Véronique de Poitiers	secular lord	countess	f	certain				https://fr.wikipedia.org/wiki/Abbaye_Sainte-Anne_de_Bonlieu-sur-Roubion	45.01797	5.00985	precise			Jaroslava Judita Fabíková
33	Bonlieu			Bonus Locus	Haute-Marne	Chaumont	Chaumont	Euffigneix	Langres	Langres	Lorraine	Saint-Nicolas		abbey	f	1174	1174	1790	1790		unknown			uncertain							not found			Jaroslava Judita Fabíková
34	Bonneuil			Bonolium #Bonneil	Somme	Péronne	Ham	Esmery-Hallon	Noyons	Amiens	France			monastery	f	1148	1148	1790	1790	de Soissons	secular lord		m	certain					45.0179352	5.0020652	precise			Jaroslava Judita Fabíková
35	Bonneval			Bona Vallis	Meurthe-et-Moselle	Lunéville	Lunéville	Hénaménil	Toul	Nancy	Lorraine	Notre-Dame		priory	f	1244	1244	1660	1660		unknown			uncertain					48.66091	6.55221	precise			Jaroslava Judita Fabíková
36	Braine			Brana #Brena #Brenna #Breina #Branium #Braisne #Brainne #Brenne #Brayne #Sanctus Evodius #Saint-Yved-de-Braine	Aisne	Soissons	Soissons	Soissons	Soissons	Soissons	France	Notre-Dame et Saint-Yved		abbey	f	1130	1130	1790	1790	André de Beaudement	secular lord		m	certain				https://fr.wikipedia.org/wiki/Abbatiale_Saint-Yved_de_Braine	49.34319	3.53107	precise			Jaroslava Judita Fabíková
37	Brieulles-sur-Meuse			Briolae #Brieulle	Meuse	Verdun	Dun-sur-Meuse		Reims	Verdun	Lorraine	Notre-Dame de ľ Assomption		abbey	m	1632	1647	1792	1792					uncertain					49.33543	5.17929	precise			Jaroslava Judita Fabíková
38	Bruyères			Brugeria	Aisne	Soissons	Braine	Quincy-sous-le-Mont	Soissons	Soissons	France			monastery	f	1140	1140	1914	1914	Agnes de Baudement	other		f	uncertain					49.5184589	3.5997615	precise			Jaroslava Judita Fabíková
39	Bucilly			Buciliacum #Bucellensis #de Bucellis #Bucilis #Buceilis #Beuelis #Buchilis #Bussilis #Busselis #Busseilis #Bucelis #Buceli #Bucellies #Bucelies #Bucelys #Bucely #Bucilly-le-Vieux	Aisne	Vervins	Hirson	 	Laon	Soissons	Floreffe	Saint-Pierre et Saint-Paul		abbey	m	1120	1148	1789	1789	Gerberge	other	wife of the count	f	uncertain				https://fr.wikipedia.org/wiki/Abbaye_de_Bucilly	49.87721	4.09288	precise			Jaroslava Judita Fabíková
40	Caen				Calvados				Bayeux-Lisieux	Bayeux	 	Saint-Pierre 		priory	m	1979	1979	2020	2020		unknown			uncertain					49.1846787	-0.4072785	approximate			Jaroslava Judita Fabíková
41	Capelle (la)			Capella prope Tolosam #Lacapele	Haute-Garonne	Toulouse	Grenade	Merville	Toulouse	Toulouse	Gascogne	Notre-Dame		abbey	d	1142	1145	1790	1790	Bernard Jourdain de ľ Isle	secular lord		m	certain					49.0519405	-0.6266737	precise			Jaroslava Judita Fabíková
42	Casedieu (la)			Casa Dei #Lacazedieu #Lacazediu #Lacazeďiou #La Casadieu #Cazedieu	Gers	Mirande	Plaisance	Beaumarches	Auch	Auch	Gascogne	Notre-Dame		abbey	d	1135	1135	1790	1790	Frelon	secular lord		m	certain					43.585555	0.09	precise			Jaroslava Judita Fabíková
43	Caumont			Colmont #Coumont #Comont #Cosmont	Aisne	Laon	Marle	Vesle-et-Caumont	Laon	Soissons	Floreffe			monastery	f	1137	1143	1250	1250	Barthélemy	bishop		m	certain					49.68698	3.78488	precise			Jaroslava Judita Fabíková
44	Chambrefontaine			Camera Fons #Camerofons #Camerifons #Cameratus Fons #Camerus Fons #de Chamero Fonte #Beatae Mariae Virginis Camere Fontis #Fons	Seine-et-Marne	Meaux	Dammartin-en-Goële	Cuisy	Meaux	Meaux	France	Notre-Dame		abbey	f	1190	1190	1790	1790	Alelme	other	church cantor	m	certain					49.01941	2.77461	approximate			Jaroslava Judita Fabíková
45	Chapelle-aux-Planches (la)			Capella ad Plancas #Capella Beatae Mariae	Haute-Marne	Saint-Dizier	Montier-en-Der	Puellemontier	Troyes	Langres	France	Notre-Dame		abbey	d	1137	1137	1790	1790	Simon de Baufort	secular lord		m	certain				https://fr.wikipedia.org/wiki/Abbaye_de_la_Chapelle-aux-Planches	48.4769	4.66696	approximate			Jaroslava Judita Fabíková
46	Charleville			Mons Calvariae juxta Carolopolim #Mont-Calvarie #Belair	Ardennes	Charleville-Mézières	Charleville-Mézières	Charleville-Mézières	Reims	Reims	de Champagne	Mont-Calvaire 	 	priory	m	1627	1627	1940	1940	Charles 	secular lord	duke	m	certain					49.7786	4.66348	precise			Jaroslava Judita Fabíková
47	Chartreuve			Carthovorum #Cartovorum #Kartovorum #Chartovorum #Chartoverum #Chartovra #Chartuevre #Chartueuvre #Chartutreve #Chartutreuves #Chartruve #Chartreuve-en-Tardenois	Aisne	Soissons	Braine	Chéry-Chartreuve	Soissons	Soissons	France	Notre-Dame		abbey	d	1130	1130	1790	1790	Hugues de Bailleul	secular lord		m	certain				https://fr.wikipedia.org/wiki/Abbaye_de_Chartreuve	49.2531364	3.608058	precise			Jaroslava Judita Fabíková
48	Chartreuve (La Ferme-des-Dames)			Carthovorum monialium #La Ferme des Dames #Les Dames sous Chéry	Aisne	Soissons	Braine	Chéry-Chartreuve	Soissons	Soissons	France	Notre-Dame 		monastere	f	1197	1197	1200	1299		unknown			uncertain					49.2645	3.59922	precise			Jaroslava Judita Fabíková
49	Chȃteaudieu			Castellum #Castellum Abbatiale #Casa Dei #Mortuorum Stagnum #Sancti Martini de Castello #Chȃteau-ľAbbaye #Saint-Martin du Chȃteau #Chȃteau-lès-Mortagne	Nord	Valenciennes	Saint-Amand-les-Eaux	Mortagne-du-Nord	Tournai	Cambrai	Flandre	Saint-Martin		abbey	d	1155	1155	1790	1794	Raoul de Mortagne	secular lord		m	certain							not found		https://www.diocese-tournai.be/l-agenda.html	Jaroslava Judita Fabíková
50	Chaumont-la-Piscine			Calvus Mons #Calmons #Calmont #Chamont #Chaumont-la-Piscine #Chaumont-Porcien #Chaumont-Portien #Chaumont-en-Porcien #Abbaye de la Piscine	Ardennes	Rhetel	Chaumont-Porcien	Chaumont-Porcien	Reims	Reims	Florreffe	Notre-Dame Saints-Berthold et Arnauld		abbey	m	1147	1147	1790	1790	Henri de Chastel	other	count	m	certain					48.1017	5.15499	approximate			Jaroslava Judita Fabíková
51	Chebret			Chabrel #Chebrel	Aisne	Laon	Craonne	Cuissy-et-Geny	Laon	Soissons	France			monastery	f	1139	1139	1220	1220	Lucas	other		m	uncertain					49.3617991	3.509137	approximate			Jaroslava Judita Fabíková
52	Clairfontaine			Clara Fontana #Clarus Fons #Clarefontensis #De Claris Fontanis #Cleres- #Clere- #Cleref- #Clerfontaines #-fontainnes	Aisne	Vervins	La Cappele	Clairfontaine	Laon	Soissons	France	Saint-Nicolas		abbey	d	1126	1126	1790	1790	Ailbert ď Antoing	secular lord		m	certain				https://fr.wikipedia.org/wiki/Abbaye_de_Clairfontaine	49.96762	3.96173	precise			Jaroslava Judita Fabíková
53	Clair-Ruissel				Somme				Amiens	Amiens	Ponthieu			monastery	f	1127	1127	1301	1301		unknown			uncertain					49.65543	1.59952	precise			Jaroslava Judita Fabíková
54	Clermont			Sancti Andreae in suburbio Claromontensi #-prope et extra muros civitatis Claromontanae #Sainct Andrey les Clermont # -Andrieu- # -Clairmont	Puy-de-Dôme	Clermont-Ferrand	Clermont-Ferrand	Clermont-Ferrand	Clermont-Ferrand	Clermont-Ferrand	Normandie	Saint-André		monastery	f	1169	1169	1791	1793	Pierre de Chamaliers	other	prevot	m	certain					45.787119	3.0777065	precise			Jaroslava Judita Fabíková
55	Combelongue			Coma- #Cumbalunga # -longa #Vallis Longa #Casalia Sancti Laurentii Combaelongae #Saint Laurens de Combelongue #Comalonche	Ariège	Saint-Girons	Saint-Girons	Rimont	Couserans	Pamiers	Gascogne	Notre-Dame et Saint-Laurent		abbey	f	1138	1140	1791	1794	Arnaud	secular lord		m	certain				https://fr.wikipedia.org/wiki/Abbaye_de_Combelongue	42.98796	1.27642	precise			Jaroslava Judita Fabíková
56	Conques				Aveyron	Rodez	Rodez		Rodez	Rodez	Congrégation de la Primitive Observance Frigolet	Sainte-Foy		abbey	m	1873	1873	1901	1925	Guilbert	other	count	m	uncertain			https://en.wikipedia.org/wiki/Abbey_Church_of_Sainte-Foy	https://fr.wikipedia.org/wiki/Abbatiale_Sainte-Foy_de_Conques	44.59768	2.39416	precise			Jaroslava Judita Fabíková
57	Corneux			Corneolum #-neuil #-nul #-nulium #-neyolum #-niolum #-nuel #Courneux #-nuel #-neuf #-neul	Haute-Saône	Vesoul	Gray	Saint-Broing	Besancon	Besancon	Bourgogne	Notre-Dame  		priory	m	1131	1134	1790	1793	Rimbaud	other		m	uncertain				https://fr.wikipedia.org/wiki/Abbaye_Notre-Dame_de_Corneux	47.45102	5.66015	precise			Jaroslava Judita Fabíková
58	Crécy			 Cressiacum #Crisseium #Crisiacum #Cressy	Ardennes	Vouziers	Monthois	Brécy-Brières	Reims	Reims	Lorraine	Sainte-Marguerite		monastery	f	1137	1137	1708	1708	Aleyde de Grandpré	other			uncertain							not found			Jaroslava Judita Fabíková
59	Cuissy			Cuissi #-ssey #-yssi #-izi #-izys #Cuissiacum #Quissiacum #Cosseium #Cuissi-en-Loonois	Aisne	Laon	Craonne	Cuissy-et-Gény	Laon	Soissons	France	Notre-Dame		abbey	f	1120	1122	1794	1794	Gauthier de Jumigny	other		m	uncertain				https://fr.wikipedia.org/wiki/Abbaye_de_Cuissy	49.40288	3.71505	approximate		monastery built in 1117	Jaroslava Judita Fabíková
60	Dilo			Deilocus #Dillot #Dillo #Dylo #Dilot	Yonne	Sens	Cérisiers	Arces-Dilo	Sens	Sens-Auxerre	France	Notre-Dame de ľ Assomption Saints-Pierre-et-Paul		abbey	d	1132	1135	1790	1790	Louis VI	secular lord		m	certain					48.08298	3.54736	precise			Jaroslava Judita Fabíková
61	Dionne			Diona #Dyone	Ardennes	Rethel	Rethel	Sorbon	Reims	Reims	France			monastery	f	1130	1135	1224	1299	Réginald	bishop		m	certain							not found			Jaroslava Judita Fabíková
62	Divielle			Deivilla #Diubiella #-bela #Villa Dei #Duibiole #-bielle #-bele #Duvielle #Villedieu	Landes	Dax	Montford-en-Chalosse	Goos	Dax	Aire et Dax	Gascogne	Notre-Dame		abbey	m	1209	1209	1791	1791	Navar	bishop		m	certain				https://fr.wikipedia.org/wiki/Abbaye_de_Divielle	43.728	-0.90079	approximate		Premonstratensian monastery since 1209	Jaroslava Judita Fabíková
63	Dommartin			Sanctus Judocus #sanctus Gidoeus in (de) Nemore #in Silva #Saint Josse- #Saint Jodce- #Saint Joce-au-Bois #-el Bos #-au Bos #Sanctus Martinus #Domnus- #Dompnus- #Donus Martinus #Dan- #Domp- #Dant- #Dam #Dansmartin #-mertin #Novus Locus	Pas-de-Calais	Montreuil	Hesdin	Tortefontaine	Amiens	Arras	Ponthieu	Saint-Josse-et-Martin		abbey	d	1123	1123	1791	1791		other		m	uncertain				https://fr.wikipedia.org/wiki/Abbaye_Saint-Josse_de_Dommartin	50.31702	1.91192	precise			Jaroslava Judita Fabíková
64	Dorengt			Doran #Dorant #Dorenc #Dorangt #Dorengt #Dorenk #Doreniacum	Aisne	Vervins	Le Nouvion-en-Thiérache		Laon	Soissons	France	Saint-Pierre 		monastery	f	1155	1155	1200	1299	Buchar de Guise	secular lord		m	certain					49.9748	3.68591	precise			Jaroslava Judita Fabíková
65	Dormans			Sancta Crux super Dormanum #Vallis Christiana Dominarum	Marne	Epernay			Soissons	Chalons-sur-Marne	France	Sainte-Croix		monastery	f	1142	1178	1200	1299	Grimaud	monk/nun		m	certain					49.07274	3.64308	precise			Jaroslava Judita Fabíková
66	Douai			Collegium Duacense	Nord				Cambrai	Lille	Flandre	Saint-Joseph		house the theological studies	m	1623	1623	1662	1662		unknown			uncertain					50.36627	3.0724	precise			Jaroslava Judita Fabíková
67	Doue			Doa #Dua #Domus Douae xDoe #Doë #Douhe #Dohë #La Doue #Doe-en-Vellay	Haute-Loire	Le Puy	Le Puy	Saint-Germain-Laprade	Le Puy	Le Puy	Normandie	Notre-Dame et Saint-Jacques		monastery	d	1138	1138	1791	1791	Pierre de Solignac	bishop		m	certain					48.86686	3.16509	precise			Jaroslava Judita Fabíková
68	Durance				Lot-et-Garonne	Nérac	Houeillès		Agen	Agen	Gascogne			priory	m	1120	1200	1790	1790		unknown			uncertain					44.16361	0.16109	precise			Jaroslava Judita Fabíková
69	Ecclesia de Vallibus								Besancon	Besancon				abbey	m	1134	1134	1200	1299		unknown			uncertain					47.46941	5.9	precise			Jaroslava Judita Fabíková
70	Espaly				Haute-Loire	Le Puy	Le Puy	Espaly-Saint-Marcel	Le Puy	Le Puy	Nouvelle circarie de langue francaise	Saint-Joseph		community	m	1934	1934	1955	1955	Rousseau	other			uncertain					45.04569	3.86401	precise			Jaroslava Judita Fabíková
71	Étanche (Ľ)			Stagnum #Stancium #Stanchia #Stancnum #Piscina #ĽEtange #Lestainge #ĽEstanche	Meuse	Commercy	Vigneulles-lès-Hattonchâtel	Lamorville	Verdun	Verdun	Lorraine	Notre-Dame de ľ Annonciation		abbey	f	1140	1144	1791	1791	Albéron de Chiny	bishop		m	certain				https://fr.wikipedia.org/wiki/Abbaye_de_l%27%C3%89tanche	48.3435	5.74514	precise			Jaroslava Judita Fabíková
72	Étiolles				Essonne	Evry	Saint-Germain-les-Corbeil		Paris	Corbeil	Nouvelle circarie de langue francaise			community	m	1949	1949	1972	1972		unknown			uncertain					48.63535	2.47664	precise			Jaroslava Judita Fabíková
73	Étival			Stivagium #Styvagium #Estivagium #Estiviaum #Stiva Vallis #Héti- #Asti- #Sti- #Eti- #Este- #Esti- Estyval #Estyvay #Estyvail #Estyvai #Estyvais #Estyvaus #Estyvaig 	Vosges	Saint-Dié	Raon-ĽEtape	Etival-Clairefontaine	Toul	Saint-Dié	Lorraine	Saint-Pierre		abbey	d	1140	1140	1790	1790		unknown			uncertain				https://fr.wikipedia.org/wiki/Abbaye_Saint-Pierre_d%27%C3%89tival	48.36403	6.86251	precise			Jaroslava Judita Fabíková
74	Étival			La Fin des Dames #La Chapelle-aux-Dames	Vosges	Saint-Dié	Raon-ĽEtape	Etival-Clairefontaine	Toul	Saint-Dié	Lorraine	Sainte-Odile		monastery	f	1200	1200	1789	1790		unknown			uncertain					48.36286	6.86096	precise			Jaroslava Judita Fabíková
75	Étoile (Ĺ)			Stella #Ecclesia de Stella #Ľ Estelle #-stoille #-stoile #-toille	Loire-et-Cher	Vendome	Saint-Armand-Longpré	Authon	Chartres	Blois	Normandie du Nord	Sainte-Trinité et Saint-Sauveur		abbey	d	1130	1130	1790	1791	Geoffroynde Leves Grisegnolle	secular lord		m	certain							not found			Jaroslava Judita Fabíková
76	Falaise			Phalesia #Falesia #Fallesia #Fallizia #Faleisia #Saint-Jean-de-la-Falaise #-eise #-eyse #-aize #-oize #-oyse #Falloyse #Falloise	Calvados 	Caen			Séez	Bayeux-Lisieux	Normandie méridionale	Saint-Jean-Baptiste		abbey	f	1159	1159	1790	1790	Roger	other		m	uncertain					48.8666815	-0.3417981	precise			Jaroslava Judita Fabíková
77	Feuchères			Fechel #Fléchelles #Fecherellis #Grangia Sancti Quintini	Ardennes	Charleville-Mézières	Flize	Sapogne-et-Feuchères	Reims	Reims	Floreffe	Saint-Quintin		abbey	f	1179	1179	1400	1499	Amaury de Raucourt	secular lord		m	certain					49.65707	4.79382	precise			Jaroslava Judita Fabíková
78	Flabémont			Fle- #Flo- #Falbonis Mons #-bonus Mons #-bemond #Flebue- #Flabue- #Flabeu- #Fleube- #Flebili- #Flabo- #Fleve- #Flabieu- #Fleibue- #Flabon- #Flabou- #Flabel- #Flaibel- #Flabues- #Flasbel- #Fleble- #Flabesmont	Vosges	Neufchâteau	Lamarche		Toul	Saint-Dié	Lorraine	Notre-Dame de ľ Assomption		abbey	f	1132	1132	1790	1790	Guy ď Aigremont	secular lord		m	certain					48.0365925	5.88105	precise			Jaroslava Judita Fabíková
79	Flabémont			Grangia Dominarum #La Grange-aux-Dames	Vosges	Neufchâteau	Lamarche		Toul	Saint-Dié	Lorraine	La-grande-aux-Dames		monastery	d	1132	1132	1213	1250		unknown			uncertain					48.03629	5.88159	precise			Jaroslava Judita Fabíková
80	Fontcaude			Fons Calidus #Foncaude #Fontcaude #Fontchaude	Hérault	Béziers	Saint-Chinian	Cazedarnes	Narbonne	Montpelier	Gascogne	Notre-Dame  		abbey	m	1154	1154	1791	1791	Bernard#Arnould de Clairmont	secular lord		m	certain				https://fr.wikipedia.org/wiki/Abbaye_Sainte-Marie_de_Fontcaude	43.62601	3.80054	precise			Jaroslava Judita Fabíková
81	Fontenille				Aisne	Laon	Anizy-le-Château	Wissignicourt	Laon	Soissons	France			monastery	f	1140	1140	1790	1790	Hugues de Fosses	monk/nun	abbot	m	certain					49.51333	3.46284	precise			Jaroslava Judita Fabíková
82	Fossemore			Fossa Mora #Fossa Mauri #Foussemore #La Madeleine #Maisson Dieu de Fossemore	Yonne	Sens	Villeneuve-ľ Archevèque	Theil-sur-Vanne	Sens	Sens	France	Sainte-Madeleine		monastery	f	1140	1140	1751	1751		unknown			uncertain							not found			Jaroslava Judita Fabíková
83	Freisdorf			Freistroff	Moselle	Boulay-Moselle	Bouzonville	Bouzonville	Metz	Metz	Lorraine	Notre-Dame et Saint-Gangoult		abbey	f	1130	1130	1790	1790	Wiry de Valcourt 	secular lord		m	certain					49.28264	6.48665	precise			Jaroslava Judita Fabíková
84	Frigolet			Ferigoletum #Notre-Dame du (Bon-) Remède #Saint-Michel de Frigolet	Bouches-du-Rhône	Arles	Tarascon-sur-Rhône	Tarascon-sur-Rhône	Avignon	Aix-en-Provence et Arles	Congrégation de la Primitive Observance de ľ Ordre de Prémontré	Ľ Immaculée-Conception et Saint-Michel		abbey	m	1133	1133	1790	1791	Guillaume de Loubieres	other		m	uncertain				https://fr.wikipedia.org/wiki/Abbaye_Saint-Michel_de_Frigolet	43.85828	4.72765	precise		now a basilica minor	Jaroslava Judita Fabíková
85	Genlis			Genliacum #Ganliacum #Genlys #Jenly #Saincte Elizabeth de Genly	Aisne	Laon	Chauny	Villequier-Aumont	Noyon	Soissons	Flandre	Sainte-Elisabeth		abbey	m	1221	1246	1790	1790	Albert de Hangest	secular lord		m	certain					47.24203	5.22415	precise			Jaroslava Judita Fabíková
86	Gérigny			de Geringeis #Geriniacum #Giriniacum #Gerigniacum #de Gireniis	Ardennes	Rethel	Chaumont-Porcien	Rocquigny	Reims	Reims	France	Sainte-Catherine		monastery	f	1141	1141	1695	1695		unknown			uncertain					49.70524	4.29129	precise			Jaroslava Judita Fabíková
87	Goujon			Goionis #Goyon #Goion	Gers	Auch	Ľ Isle-Jourdain	Auradé	Auch	Auch	Gascogne	Saint-Laurent		monastery	f	1135	1135	1454	1454	Bernard	monk/nun	abbot	m	certain					43.7993635	0.3789637	precise			Jaroslava Judita Fabíková
88	Grandchamp			Grandis Campus #Gambeseu #Gambeziolum	Yvelines	Mantes-la-Jolie	Houdan	Houdan	Chartres	Versailles	Ponthieu	Notre-Dame  		abbey	m	1214	1214	1663	1785	Simon IV	other		m	uncertain				https://fr.wikipedia.org/wiki/Abbaye_de_Grandchamp	48.70852	1.59842	precise			Jaroslava Judita Fabíková
89	Gué de ľOrme			Vadum Ulmi	Loiret	Orléans	Châteauneuf-sur-Loire	Saint-Martin-ďAbbat	Orléans	Orléans	France	Notre-Dame		priory	m	1165	1169	1790	1790	Guy de Garlande	secular lord		m	certain							not found			Jaroslava Judita Fabíková
90	Haguenau			Haguenoensis #Hagenau #Hagenowe	Bas-Rhin				Strasbourg	Strasbourg	Westphalie	Notre-Dame, Saint-Paul et Saint-Nicolas		provostry	m	1164	1189	1791	1791		unknown			uncertain					48.81423	7.78623	precise			Jaroslava Judita Fabíková
91	Hamewiller			Hamerivilla #Hamévillers #Harmerwiller	Moselle	Thionville	Algrange	Knutange	Metz	Metz	Lorraine	Saint-Blaise		monastery	f	1153	1154	1700	1790		unknown			uncertain					49.0204672	6.205509	precise			Jaroslava Judita Fabíková
92	Harchies			Harchia #Archies	Aisne	Saint-Quentin	Bohain-en-Vermandois	Bohain-en-Vermandois	Noyons	Soissons	Flandre	Saint-Blaise		monastery	f	1140	1140	1702	1702		unknown			uncertain					50.47878	3.69281	precise			Jaroslava Judita Fabíková
93	Hermières			Hermeriae #Hermariae #Ermeriae #Ermières #Ermierez #Armières #Ermières-en-Brie	Seine-et-Marne	Melun	Tournan-en-Brie	Favières	Paris	Meaux	France	Notre-Dame et Saint-Nicolas		monastery	d	1159	1166	1680	1790	Maurice	bishop		m	certain					48.79098	2.76486	precise			Jaroslava Judita Fabíková
94	Huveaune			Hybelnia #Ibelnia #Yvelnia #Ybelna #Ybelma #Ybelnia #Yvenna #Vuelna #Huveuna #Eveona #Sancta Maria in rivo Ybelneo #-Yvellino #La Veaune #Notre-Dame du Veaune	Bouches-du-Rhône	Marseille	Marseille	Marseille	Marseille	Marseille	Gascogne?	Notre-Dame		abbey	m	1203	1204	1747	1747	Amans#Guillaume	other		m	uncertain					43.33869	5.43144	precise			Jaroslava Judita Fabíková
95	Isle-Dieu (Ľ)			Insula Hominis #Insula Dei #Iledieu #Lilledieu #ĽYlle-Dieu	Eure	Les Andelys	Fleury-sur-Audelle	Perruel	Rouen	Evreux	Normandie méridionale	Notre-Dame		abbey	m	1187	1187	1790	1790	Réginald de Pavilly	secular lord		m	certain				https://fr.wikipedia.org/wiki/Abbaye_de_l'Isle-Dieu	49.43668	1.37516	precise			Jaroslava Judita Fabíková
96	Jandeures			Jendoria #Jandoria #Jaindoria #Gendoria #Gendore #Jeanduria #-dures #-deures #-dheures #-deres #-doires &Jean ď Heurs	Meuse	Bar-le-Duc	Ancerville	Lisle-en-Rigault	Toul	Verdun	Lorraine	Notre-Dame de ľ Assomption		abbey	m	1126	1143	1790	1790	Walfrid	secular lord	castle lord	m	certain					48.72663	5.04576	precise			Jaroslava Judita Fabíková
97	Javages			Javagia #de Javagiis	Aisne	Soissons	Villers-Cotterêts	Faverolles	Soissons	Soissons	France	Notre-Dame		monastery	f	1148	1148	1250	1250	Gilbert de Vacca #Raoul	secular lord			certain							not found			Jaroslava Judita Fabíková
98	Jovilliers			Jovis- #Jo- #Jau- #Gauvillaris #-vilaria #-villare #-viler #Jouillé	Meuse	Bar-le-Duc	Ancerville	Stainville	Toul	Verdun	Lorraine	Saint-Pierre et Saint-Paul		abbey	d	1142	1142	1790	1790	Henri	bishop		m	certain				https://fr.wikipedia.org/wiki/Abbaye_de_Jovilliers	48.62121	5.17995	precise			Jaroslava Judita Fabíková
99	Joyenval			Gaudii Vallis #Jan- #Johan- #Joen- #Joival #vallis #-villa #Ioie en Val	Yvelines	Saint-Germain-en-Laye	Saint-Germain-en-Laye	Chambourcy	Chartres	Versailles	Ponthieu	Notre-Dame et Saint-Barthélemy		abbey	f	1221	1224	1820	1820	Barthelémy de Roye	secular lord		m	certain				https://fr.wikipedia.org/wiki/Abbaye_de_Joyenval	48.88771	2.03156	precise			Jaroslava Judita Fabíková
100	Justemont			Justus Mons #Justi- #Justemins #de Monte Justino 	Moselle	Thionville	Moyeuvre-Grande	Vitry-sur-Orne	Metz	Metz	Lorraine	Notre-Dame ľ Assomption		abbey	f	1120	1124	1790	1793	Euphémie de Watronville	secular lord	donor	f	certain				https://fr.wikipedia.org/wiki/Abbaye_de_Justemont	49.27284	6.10557	precise			Jaroslava Judita Fabíková
101	Lahonce			Leon- #Leunsium #Lidatium xFontia #-cia #Honcia #Lefonce #Le Fonse #Lehonce #la Honce  #Lehonza- basque	Pyrénées-Atlantiques	Bayonne	Saint-Pierre-ďIrube		Bayonne	Bayonne	Gascogne	Notre-Dame		abbey	f	1150	1160	1790	1790		unknown			uncertain					43.4833	-1.39	precise			Jaroslava Judita Fabíková
102	Lannes			Lanna #Lana #Lanne	Lot-et-Garonne	Nérac	Mézin		Agen	Agen	Gascogne	Sainte-Marie-Madeleine		priory	m	1120	1199	1790	1790		unknown			uncertain					44.03467	0.29423	precise			Jaroslava Judita Fabíková
103	Laon			Sancti Martini Laudunensis #-ad Campos Laudunenses #Saint-Martin de Lauoin #-Loun #-Lan #-Laon	Aisne				Laon	Soissons	France	Saint-Martin		abbey	d	1124	1124	1790	1790	Barthélemy de Jur	bishop		m	certain				https://fr.wikipedia.org/wiki/Abbaye_Saint-Martin_de_Laon	49.5631	3.62714	precise			Jaroslava Judita Fabíková
104	La Rochelle			Sancta Margareta de Rupella #Saincte Margueritte des Soeurs Blanches #Couvert de Saint-Augustin, dites des Soeurs Blanches #Les Nonnains	Charente-Maritime				Saintes	La Rochelle et Saintes	Gascogne	Sainte-Marguerite		monastery	f	1400	1499	1792	1792		unknown			uncertain					46.1527935	-1.1485142	precise			Jaroslava Judita Fabíková
105	Lavaldieu			Vallis- #Wallis Dei #Vaudieu #Valdieu #Valdieu #La Valdieu #La Vaulx- #La Valle Dieu #Vaul dessoulz Chasteau Renaud	Ardennes	Charleville-Mézières	Monthermé-Lavaldieu	Monthermé-Lavaldieu	Reims	Reims	Floreffe	Notre-Dame et Saint-Rémi		abbey	d	1128	1128	1790	1790	Wither de Rethel	secular lord		m	certain					49.88252	4.74425	precise			Jaroslava Judita Fabíková
107	Licques			Liska #-scae #scas #-schae #-skia #saches #-scha #-skegs #-sgues #-squez #-skes #Lysches #Leisceae #Liisques #de Lickis	Pas-de-Calais	Calais	Guînes		Thérouanne	Arras	Flandre	Notre-Dame		abbey	d	1131	1132	1792	1792	Robert	secular lord		m	certain				https://fr.wikipedia.org/wiki/Abbaye_Notre-Dame_de_Licques	50.78528	1.93667	precise			Jaroslava Judita Fabíková
108	Lieu-Dieu			Locus Dei in Jard(o) #-in Gardo #-in Gardio #Lieu-Dieu en Jart #Jart #Nostre Dame de Jart-en-Poitou	Vendée	Les Sables-ďOlonne	Talmont-Saint-Hilaire	Jard-sur-Mer	Poitiers	Lucon	Normandie du Nord	Notre-Dame		abbey	d	1180	1180	1791	1791	Richard 	secular lord		m	certain				https://fr.wikipedia.org/wiki/Abbaye_royale_Notre-Dame_de_Lieu-Dieu	46.7130407	-1.5005596	precise			Jaroslava Judita Fabíková
109	Lieu-Restauré			Locus Restauratus #Lieu Restoré	Oise	Senlis	Crépy-en-Valois	Bonneuil-en-Valois	Soissons	Beauvais	France	Notre-Dame		abbey	d	1138	1138	1779	1791	Raoul de Vermandois	secular lord		m	certain				https://fr.wikipedia.org/wiki/Abbaye_Notre-Dame_de_Lieu-Restauré	49.2605417	2.981655	precise			Jaroslava Judita Fabíková
110	Longpont				Aisne	Soissons	Villers-Cotterêts		Soissons	Versailles	Nouvelle circarie de langue francaise	Notre-Dame		abbey	m	1132	1132	1793	1793	Bernard 	saint		m	certain				http://www.abbayedelongpont.fr/abbayedelongpont_fr	49.2724	3.22086	precise			Jaroslava Judita Fabíková
111	Longwé			Mares #Mare #La Merz #Sanctae Mariae de Mari #Nostre Dame de Lamer #Longum Vadum #Longivadum #Longuué #-ué #-uay #-wez #-evez #-guery #-ueay #Languay #Longwé-Ľ Abbaye	Ardennes	Vouziers	Le Chesne	Montgon	Reims	Reims	Floreffe	Notre-Dame et Sainte-Marie-Madeleine		abbey	f	1141	1150	1790	1790	Withen	secular lord		m	certain				https://fr.wikipedia.org/wiki/Abbaye_Sainte-Marie-Madeleine_de_Longwé	49.3904	4.7879	precise			Jaroslava Judita Fabíková
112	Lucerne (La)			Lucerna #Luserna #La Luzerne #La Lucerne ď Outremer	Manche	Avranches	La Haye-Pesnel	La Lucerne-ď Outremer	Avranches	Coutances	Normandie du Nord	La Sainte-Trinité		abbey	f	1143	1143	1790	1792	Ausculphe de Subligny	secular lord		m	certain				https://fr.wikipedia.org/wiki/Abbaye_de_La_Lucerne	48.78345	-1.42667	precise			Jaroslava Judita Fabíková
113	Macquincourt			Maken- #Makin- #Machin- #Manquincourt #-cort	Aisne	Saint-Quentin	Le Catelet	Gouy	Cambrai	Soissons	Flandre			monastery	f	1212	1212	1213	1790		unknown			uncertain							not found			Jaroslava Judita Fabíková
114	Marcheroux			Sanctus Nicolaus in Tillis #Saint-Nicolas-en-Thelle #-du Thelle #-du Tiles #Marchasium #Marchadium #Marchae- #Marcus Radulphi #Marche- #Marcha- #Marchais- #Marches Roul #-Raoul #Raoult	Oise	Beavais	Auneuil	Beaumont-les-Nonains	Rouen	Beauvais	Ponthieu	Saint-Nicolas		abbey	m	1122	1122	1791	1791	Norbert de Xanten	saint		m	certain				https://fr.wikipedia.org/wiki/Abbaye_de_Marcheroux 	49.30557	2.02805	precise			Jaroslava Judita Fabíková
115	Mesnil-Saint-Denis (Le)				Yvelines	Rambouillet	Chevreuse			Versailles		Le Sacré-Coeur de Jésus		monastery	f	1889	1895	1963	1963	Marie Alexandra Husson-Carcenac	other		f	uncertain					48.744	1.9637	precise			Jaroslava Judita Fabíková
116	Metz			Sanctae Crucis ante Metim #-de ultra Mosellam #Saint Alloy #Sainct Eloy #Saincte Creux devant Mes #-hors de Metz #-as Signors	Moselle				Metz	Metz	Lorraine	Sainte-Croix et Saint-Eloi		monastery	d	1120	1133	1762	1762	Etienne de Bar	bishop		m	certain					49.11647	6.17869	precise			Jaroslava Judita Fabíková
117	Metz			Grangia Dominarum #La Grange-aux-Dames #Sancte Croix au Waire	Moselle				Metz	Metz	Lorraine	Sainte-Croix-aux-Dames		monastery	f	1160	1160	1404	1404		unknown			uncertain					49.1203	6.1778	precise			Jaroslava Judita Fabíková
118	Mirambeau			Mirabellum	Charente-Maritime	Jonzac			Saintes	La Rochelle et Saintes	Gascogne			monastery	f	1150	1150	1407	1407		unknown			uncertain					45.37332	-0.57078	precise			Jaroslava Judita Fabíková
119	Moncetz			Sancta Maria de Bertiniaca Curte #Moncellum #-celli #-ticelli #-cinaus #-celx #-ceaux #-cets #-cel #-ciaul #-ciaus #-cês #-cé #-ceaux #-saist #-celz #-ceaulx #-cellis #Montcetz #Montcetz ľ Abbaye #Moncetz-en-Pertois	Marne	Vitry-le-Francois	Thiéblemont-Farémont	Moncetz-ľ Abbaye	Châlons	Châlons	Châlons	Notre-Dame Saint-Maurice et Nicolas et Tous les Saints		abbey	d	1142	1145	1790	1790	Chevalier de Moncetz	secular lord		m	certain				https://fr.wikipedia.org/wiki/Abbaye_de_Montcetz	48.64885	4.65701	precise			Jaroslava Judita Fabíková
120	Mondaye			Mons Auxilii #Mons Dei #-de Aeio #de Aë #Mont ď Aé #-ď Aie #-ď Aide #Montdez, -deé #-dieu #-dae #-daie #-daé #Mon Deu #Dae # Aë #Juetum #Juet	Calvados 	Bayeux 	Balleroy	Juaye-Mondaye	Lisieux	Bayeux-Lisieux	Normandie méridionale	Saint-Martin		abbey	f	1202	1202	1790	1791	de Percy	secular lord		m	certain				https://fr.wikipedia.org/wiki/Abbaye_de_Mondaye	49.2065	-0.6878	precise			Jaroslava Judita Fabíková
121	Montault			Mons Oculi	Meuse	Bar-le-Duc	Ancerville	Stainville	Verdun	Verdun	Lorraine			priory	m	1213	1213	1592	1592		unknown			uncertain							not found			Jaroslava Judita Fabíková
122	Monthodon			Mons Odonis #Mons Haudonensis #Montaudon	Aisne	Château-Thierry	Château-Thierry	Brasles	Soissons	Soissons	France			monastery	f	1150	1150	1200	1299		unknown			uncertain					49.01975	3.64532	precise			Jaroslava Judita Fabíková
123	Mont-Saint-Martin			Boena #Bony #Boheni #Boani #Boeny xMons Sancti Martini #Nostre Dame du Mont-Saint-Martin #Mont-Saint-Martin-les-Goi	Aisne	Saint-Quentin	Le Châtelet	Gouy	Cambrai	Soissons	Flandre	Notre-Dame et Saint-Martin		abbey	m	1118	1130	1690	1791	Garembert	other	blessed	m	certain					49.28102	3.64094	precise			Jaroslava Judita Fabíková
124	Mont-Sainte-Odile			Altitona #Mons Sanctae Odiliae #Honenburg #Odilienberg	Bas-Rhin	Molsheim	Rosheim	Ottrott	Strasbourg	Strasbourg	Lorraine	Sainte-Odile		priory	f	1178	1183	1649	1791	Herrade 	monk/nun		m	certain			https://en.wikipedia.org/wiki/Mont_Sainte-Odile_Abbey		48.4368	7.40358	precise			Jaroslava Judita Fabíková
125	Mureau			Mira Vallis #Murialux #Mirvaldum #Mir- #Myr- #Mur- #Miro- #Mire- #Mireuvault #-vaul #-vaulz #-vaux #-vaut #-valt #-valz #-vaulx #-vath #-walt # -wath #-wal #-wault #Myruaut #Mirvaust #Mourau #Meureau #Mureaux	Vosges	Neufchâteau	Neufchâteau	Pargny-sous-Mureau	Toul	Saint-Dié	Lorraine	Notre-Dame  		monastery 	d	1147	1147	1790	1790	Oliver de Neufchateau	other		m	uncertain				https://fr.wikipedia.org/wiki/Abbaye_Notre-Dame_de_Mureau	48.36218	5.60165	approximate			Jaroslava Judita Fabíková
126	Mureau				Vosges	Neufchâteau	Neufchâteau	Pargny-sous-Mureau	Toul	Saint-Dié	Lorraine			monastery	f	1147	1244	1245	1299		unknown			uncertain					48.36737	5.59608	approximate			Jaroslava Judita Fabíková
127	Nancy				Meurthe-et-Moselle				Toul	Congrégation de ľ Antique Rigueur	Lorraine	Saint-Joseph		priory	m	1635	1661	1790	1790	Charles IV	secular lord		m	certain					48.68915	6.18427	precise			Jaroslava Judita Fabíková
128	Nantelle			Natelium #Natel #Nanteuil	Meuse	Bar-le-Duc	Ancerville	Stainville	Toul	Verdun	Lorraine	Notre-Dame		monastery	f	1243	1243	1250	1299		unknown			uncertain							not found			Jaroslava Judita Fabíková
129	Nantes				Loire-Atlantique	Nantes	Nantes	Nantes	Nantes	Nantes	Brabant	Saint-Pierre		priory	m	1880	1880	1969	1969	D. Leroq	bishop		m	certain					47.20744	-1.56281	not found			Jaroslava Judita Fabíková
130	Neuffontaines			Novemfontes #-tium #Sancti Ger- #Gir- #Gilberti in Arvernia #Neuffons #-fonts #Saint Gilbert en Auvergne	Allier	Vichy	Escurolles	Saint-Didier-la-Forêt	Clermont	Moulins	Auvergne	Notre-Dame et Saint-Gilbert		abbey	m	1150	1150	1790	1790	Gilbert	saint		m	certain				https://fr.wikipedia.org/wiki/Abbaye_Saint-Gilbert_de_Neuffonts	47.33944	3.73806	precise			Jaroslava Judita Fabíková
131	Noisy-le-Grand				Seine-Saint-Denis	Le Raincy			Paris	Saint-Denis	Nouvelle circarie de langue francaise	Saint-Sulpice		priory	m	1957	1957	2020	2020		unknown			uncertain					48.84278	2.58	precise			Jaroslava Judita Fabíková
132	Parey-sous-Montfort			Paret	Vosges	Neufchâteau	Bugnéville		Toul	Saint-Dié	Lorraine	Notre-Dame de Bethléem		priory	m	1662	1662	1965	1965	Joachim Vaultrin	other		m	uncertain					48.25143	5.94493	precise			Jaroslava Judita Fabíková
133	Paris				Seine				Paris	Paris	France	Saint-Jean-Baptiste et Sainte-Anna		priory	m	1252	1252	1790	1889	Jean de Rocquigny	monk/nun	abbot	m	certain					48.8669985	2.3337066	precise			Jaroslava Judita Fabíková
134	Paris			Venerabile Sacramentum	Seine				Paris	Paris	Congrégation de ľ Antique Rigueur de Champagne	Saint-Sacrement		priory	m	1660	1663	1718	1790	Anne ď Autriche 	secular lord	queen mother	f	certain					48.86215	2.27793	precise			Jaroslava Judita Fabíková
135	Paris				Seine				Paris	Paris	France	Sainte-Trinité		abbey	m	1206	1206	1562	1562	Jean Pollée#Guillaume Escuacol	monk/nun		m	certain					48.87754	2.32964	precise			Jaroslava Judita Fabíková
136	Pau-Accous				Pyrénées-Atlantiques				Bayonne	Bayonne	Nouvelle circarie de langue francaise	Notre-Dame		priory	m	1980	1980	1986			unknown			uncertain					43.28745	-0.37251	approximate			Jaroslava Judita Fabíková
137	Perray-Neuf (Le)			Praedium #Perredium- #Perrodium- #Porretum Novum #Boscus Ranulfi #Nemus Ranulfi #Le Perray-Blanc #Perray-Neuf #Perré-Neuf #Perrey-neuf #Perroy-Nouef #dou Perrey jouste Sablé	Sarthe	La Flêche	Sablé-sur-Sarthe	Précigné	Le Mans	Le Mans	Normandie du Nord	Notre-Dame		abbey	m	1189	1189	1790	1835	Robert IV	secular lord		m	certain					47.78556	-0.32056	precise			Jaroslava Judita Fabíková
138	Plainemont			Planus Mons #Pleinemont #Plemont	Meuse	Bar-le-Duc	Ancerville	Lisle-en-Rigault	Toul	Verdun	Lorraine			monastery	f	1143	1143	1221	1790		unknown			uncertain					47.85343	6.2174	precise			Jaroslava Judita Fabíková
139	Pleineselve			Planasilva #Pleine- #Plen- #Pleneselve #-silve #-selves	Gironde	Blaye	Saint-Ciers-sur-Gironde		Bordeaux	Bordeaux	Gascogne	Sainte-Marie-Madeleine		monastery	d	1150	1150	1790	1790	Godefroid III de Louroux	bishop	archbishop	m	certain					45.32536	-0.57627	precise			Jaroslava Judita Fabíková
140	Pont-à-Mousson			Sancta Maria Major Mussipontana #Sainte-Marie-Majeure	Meurthe-et-Moselle	Nancy			Toul	Nancy	Berceau et centre de la Congréation de ľ Antique Rigueur de Lorraine	Sainte-Marie-Majeure		abbey	m	1400	1499	1792	1792					uncertain				https://fr.wikipedia.org/wiki/Abbaye_des_Prémontrés_de_Pont-à-Mousson	49.9222135	6.046937	precise			Jaroslava Judita Fabíková
141	Prémontré			Praemonstratum #Pratum monstratum #Eclessia Praemonstrata #Pré- #Pres- #Preitmonstrey #-monstré #-moustré #-monstret	Aisne	Laon	Anizy-le-Château		Laon	Soissons	Flandre	Notre Dame # Saint-Jean-Baptiste		abbey	m	1120	1120	1790	1790	Norbert de Xanten	saint		m	certain				https://fr.wikipedia.org/wiki/Abbaye_de_Prémontré	49.54131	3.41186	precise			Jaroslava Judita Fabíková
142	Rangéval			Rengie- #Reginae Vallis #Rengis- #Rengivallis #Range- #Rangé- #Rengisvaus # -val #-valle #-vaulx #-valx	Meuse	Commercy	Commercy	Géville	Toul	Verdun	Lorraine	Notre-Dame # Sainte-Marie-Madeleine		abbey	d	1152	1152	1790	1850	Hedwige ď Aspremont	secular lord	countess	f 	certain				https://fr.wikipedia.org/wiki/Abbaye_de_Rangéval	48.76281	5.72229	precise			Jaroslava Judita Fabíková
143	Rangéval-Val-des-Nonnes			Vallis Nonnarum #Val des Nonnes #Martini Fons #Martin-Fontaine	Meuse	Commercy	Commercy	Géville	Toul	Verdun	Lorraine	Notre-Dame # Sainte-Marie-Madeleine		monastery	d	1153	1153	1250	1250	Hedwige	secular lord	countess	f 	certain					48.76281	5.72229	precise			Jaroslava Judita Fabíková
144	Ressons				Oise	Beauvais	Méru		Rouen	Beauvais	Ponthieu	Notre-Dame		abbey	d	1125	1125	1790	1790		unknown			uncertain					49.53847	2.74263	precise			Jaroslava Judita Fabíková
145	Riéval			Regia- #Regie- #Regis Vallis #Roya- #Riez- #roy- #Royen- #Rin- #Rival- #-vaul #-valx #-vaulz	Meuse	Commercy	Void-Vacon	Ménil-la-Horgne	Toul	Verdun 	Lorraine	Notre-Dame		abbey	d	1124	1124	1790	1790	Renaud I	secular lord		m	certain					48.702528	5.5832734	approximate			Jaroslava Judita Fabíková
146	Riéval			Domus Dominarum #La Nonnerie	Meuse	Commercy	Void-Vacon	Ménil-la-Horgne	Toul	Verdun	Lorraine	La Nonnerie		monastery	f	1124	1124	1125	1790	Herbert	monk/nun	abbot	m	certain					48.70289	5.58338	approximate			Jaroslava Judita Fabíková
147	Rouez			Rowez #Roez #Roué #-eé #Rodulfi Vadum	Aisne	Laon	Chauny	Villequier-Aumont	Laon	Soissons	France			abbey	m	1148	1148	1422	1422	Norbert de Cuissy	monk/nun	abbot	m	certain					49.6544	3.22449	precise			Jaroslava Judita Fabíková
148	Rozières				Aisne	Laon	Coucy-le-Château-Affrique	Coucy-la-Ville	Laon	Soissons	France			monastery	f	1142	1148	1791	1791	Milsent	other			uncertain					49.32591	3.35538	precise			Jaroslava Judita Fabíková
149	Saint-André-au-Bois			Sanctus Andreas in Nemore #-in Bosco #Alnetum-Sainct- #Saint Andriu- #-Andru #-Andrieu #Sains Andrius #Sainct Andrieux au Bois les Campaignes #-el Bos #-les Beaurains #-Lannoy	Pas-de-Calais	Montreuil	Campagne-lès-Hesdin	Gouy-Saint-André	Amiens	Arras	Ponthieu	Notre-Dame et Saint-André		abbey	d	1156	1156	1790	1790	Ingelram de Beaurain#Odon de Tollent	other			uncertain				https://fr.wikipedia.org/wiki/Abbaye_de_Saint-André-aux-Bois	50.37459	1.90956	precise			Jaroslava Judita Fabíková
151	Saint-Étienne-à-Arnes			Sancti Stephani ad Arnam #-Arnas	Ardennes	Vouziers	Machault		Reims	Reims	Lorraine	Notre-Dame ľ Assomption		priory	m	1141	1145	1692	1692	Samson 	bishop	archbishop	m	certain					49.30811	4.49512	precise			Jaroslava Judita Fabíková
152	Saint-Georges-des-Bois			Sancti Georgii in Nemore #-de Nemore #-in Bosco #-in Luco #Sainct Georges au Bois #-du Bois #-en Forêt	Loir-et-Cher	Verdôme	Montoire-sur-le-Loir	Saint-Martin-des-Bois	Le Mans	Blois	Congrégation de ľ Antique Rigueu #Normandie	Saint-Georges		abbey	m	1600	1699	1790	1809		unknown			uncertain					47.49633	-0.22453	precise			Jaroslava Judita Fabíková
153	Saint-Jean-de-Côte				Dordogne	Nontron	Thiviers		Périgueux et Sarlat		Congrégation de la Primitive Observance de Prémontré	Saint-Jean-Baptiste		priory	m	1877	1877	1790	1880	Dabert	bishop		m	certain					45.41894	0.83771	precise			Jaroslava Judita Fabíková
154	Saint-Jean-de-la-Castelle			Gratia Dei #Sancti Joannis de Castella #Abadie dou Sainct Joan #Sent Johan de Lacastele #-Le Castere #Gracedieu #Ch âteau Saint- Jean	Landes	Mont-de-Marsan	Aire-sur-ľ Adour	Duhort-Bachen	Aire	Aire et Dax	Gascogne	Saint-Jean-Baptiste		abbey	m	1140	1227	1792	1832	Pierre de Bigorre	secular lord		m	certain				https://fr.wikipedia.org/wiki/Abbaye_Saint-Jean_de_la_Castelle	43.7418201	-0.3130672	precise			Jaroslava Judita Fabíková
155	Saint-Just-en-Chaussée			Sanctus Justus #Sanctus Justus in Calceya #Saint-Just-Ľ Abbaye #Saint-Just-en-Beauvaisis	Oise	Clermont			Beauvais	Beauvais	Ponthieu	Notre-Dame et Saint-Just		monastery	f	1146	1153	1790	1790	Odon III	bishop		m	certain					49.50214	2.43313	precise			Jaroslava Judita Fabíková
156	Saint-Pierremont			Mons Sancti Petri #Pierremont	Meurthe-et-Moselle	Briey	Briey	Avril	Metz	Nancy	Lorraine	Saint-Pierre		abbey	f	1120	1130	1789	1789		unknown			uncertain					48.43777	6.57854	precise			Jaroslava Judita Fabíková
157	Saint-Quentin			Saint-Nicolas de Prémontré	Aisne				Soissons	Soissons	France	Saint-Nicolas		priory	m	1126	1126	1557	1557		unknown			uncertain					49.8476335	3.2790635	precise			Jaroslava Judita Fabíková
158	Saint-Victoret				Bouches-du-Rhône	Istres	Marignane		Aix-en-Provence et Arles					missionary	f	1901	1901	1977	1977	Louis de Gonzague Julien	other		m	uncertain					43.41901	5.23782	precise			Jaroslava Judita Fabíková
159	Sainte-Marie-au-Bois			Sancta Maria in Nemore #-ad Nemus #-in Bosco #de Prisneio #-juxta Prisney #Saincte Marie ad Boix #-des Bois #-du Bois	Meurthe-et-Moselle	Nancy	Pont-à-Mousson	Prény	Toul	Nancy	Lorraine	Notre-Dame et Saint-Etienne		abbey	d	1126	1126	1790	1790	Simon	secular lord	duke	f	certain				https://fr.wikipedia.org/wiki/Abbaye_de_Sainte-Marie-au-Bois	48.955884	5.9628566	precise			Jaroslava Judita Fabíková
160	Sainte-Marie-des Bois			Cella Dominarum #Antiqua Abbatia	Meurthe-et-Moselle	Nancy	Pont-à-Mousson	Prény	Toul	Nancy	Lorraine	Sainte-Marie-Madeleine		abbey	d	1140	1140	1600	1699		unknown			uncertain					48.46612	-0.48082	precise			Jaroslava Judita Fabíková
161	Salival			Saliva- #Salina- #Salvia- #Salis- #Salva Vallis #Sali- #Salli- #Sally- #Salin- #Sallin- #Saiulinvalz #-vas #-val #-vais #-vauls #-vals #-vault-vaultz	Moselle	Château-salins	Château-salins	Morville-lès-Vic	Metz	Metz	Lorraine	Notre-Dame de la Nativité et Saint-Fiacre		abbey	f	1156	1162	1590	1791	Mathilde de Salm-Hombourg	secular lord	countess	f	certain				https://fr.wikipedia.org/wiki/Salival_(Moselle)	48.8023625	6.566001	precise			Jaroslava Judita Fabíková
162	Sancta Maria in Berca			Sta. Maria in Berca #Sta. Maria in Nemore #Sta. Maria in Burgundia										monastery	f	1123	1123	1124	1199		unknown			uncertain							not found			Jaroslava Judita Fabíková
163	Sarrance			Sancta Maria de Sarranceo #-Sarrancia #-anssa #-ansa #Sarransce #-ancse #-ansi #-anson #-ansinie #-ansie	Pyrénées-Atlantique	Oloron-Sainte-Marie	Accous		Oloron	Bayonne	Gascogne	Notre-Dame		abbey	m	1345	1345	1569	1790		unknown			uncertain					43.05108	-0.60167	precise			Jaroslava Judita Fabíková
164	Sélincourt			Serin- #Syrin- #Serrin- #Silin- #Selin- #Sellin- #Selyn- #Seli- #Selis- xSerin- #Seri- #Seri- #Sérincourt #-cort #-curt #-cour #-curia #-curtis #Sancta Lachryma #Sainte-Larme	Somme	Amiens	Hornoy-le-Bourg	Hornoy-le-Bourg	Amiens	Amiens	Ponthieu	La Sainte-Larme du Christ et Saint-Pierre		abbey	f	1130	1137	1790	1790	Drogon#Guillaume	secular lord		m	certain				https://fr.wikipedia.org/wiki/Abbaye_de_Selincourt	49.8770144	1.901814	precise			Jaroslava Judita Fabíková
165	Sens			Sanctus Paulus Senonensis #-de Vanna #-Ripae Vannae #Saint-Paul-sur-Vanne #Sainct-Pol-sur-Vanne-lez-Sens	Yonne				Sens	Sens-Auxerre	France	Saint-Paul		priory	m	1192	1221	1790	1790	Guy de Noyers	bishop	archbishop	m	certain					48.19356	3.29453	precise			Jaroslava Judita Fabíková
166	Septfontaines-en-Bassigny			Francavallis ou Sanctus Petrus in Sylva Brixii #Septem fontes in Bassiniaco #-in Burgundia #Septfonts #Setfonteinnes	Haute-Marne	Chaumont Andelot-Blancheville	 Andelot-Blancheville	Andelot-Blancheville	Langres	Langres	Lorraine	Notre-Dame et Saint-Nicolas		abbey	m	1123	1123	1791	1791		unknown			uncertain					48.23222	5.25915	precise			Jaroslava Judita Fabíková
167	Septfontaines-en-Thiérache			Septem Fontium in Therascia #Sept Fonts	Ardennes	Charleville-Mézières	Charleville-Mézières	Fagnon	Reims	Reims	Floreffe	Notre-Dame		abbey	d	1129	1135	1790	1790	Albert de Chiny 	secular lord		m	certain				https://fr.wikipedia.org/wiki/Abbaye_Notre-Dame_de_Sept-Fontaines	49.76131	4.73648	approximate			Jaroslava Judita Fabíková
168	Serques				Pas-de-Calais	Saint-Omer	Saint-Omer		Thérouanne	Arras	Flandre			monastery	f	1140	1140	1500	1599		unknown			uncertain					50.79308	2.20147	precise			Jaroslava Judita Fabíková
169	Séry			Si- #Sy- #Seruacum #.iacus #S- #in Pratis #Serit #Cery #Serry #Seri #Syri #Notre-Dame de Séry-au-Pr ès	Somme	Abbeville	Gamaches	Bottencourt	Amiens	Amies	Ponthieu	Notre-Dame		abbey	f	1127	1136	1791	1791	Alselme#Guillaume de Cayeux	secular lord		m	certain				https://fr.wikipedia.org/wiki/Abbaye_Notre-Dame_de_Séry	49.95906	1.63027	approximate			Jaroslava Judita Fabíková
170	Silly			Cili- #Sili- #Solli- #Sillyacum #Silleyum #-eium #-eum #Sylleium #Selesia #Silli #Silly-en-Goufern #Beate Marie de Fouffer(n) #Gofer #Golfer #Goffer #Notre-dame-de-Gouffern #Abbatia de Bosco	Orne	Argentan	Exmes	Silly-en-Gouffern	Séez	Séez	Normandie méridionale #Congrégation de ľ Antique Rigueu 	Notre-Dame ľ Assomption et Saint-Laurent		abbey	m	1151	1151	1791	1791	Drogon	other	knight	m	certain					48.75393	0.07124	precise			Jaroslava Judita Fabíková
171	Strasbourg			Domus Argentina	Bas-Rhin				Strasbourg	Strasbourg	Souabe	Tous-les-Saints		monastery	m	1254	1254	1791	1791		unknown			uncertain					48.57979	7.74879	precise			Jaroslava Judita Fabíková
172	Thenailles			Tenolia #The- #Tenolia #-liae #-lium 	Aisne	Vervins	Vervins		Laon	Soissons	Floreffe	Notre-Dame		abbey	m	1130	1130	1790	1799	Barthélemy	bishop		m	certain				https://fr.wikipedia.org/wiki/Abbaye_de_Thenailles	49.81905	3.94049	precise			Jaroslava Judita Fabíková
173	Thérouanne			Sanctus- #Beatus Augustinus Tervanensis #-Tarunensis #Morinensis #Ecclesia Sancti Augustini juxta Morinum #Sainct Augustin encosté Terewene #Sint Augustin leiz Theroenne	Pas-de-Calais	Saint-Omer	Aire	Clarques	Thérouanne	Arras	Flandre	Saint-Augustin		abbey	d	1131	1131	1791	1791	Milon	bishop		m	certain					50.63449	2.26361	precise			Jaroslava Judita Fabíková
175	Vaas			Vedo- #Vada- #Vedatium #-cium #Vas #Vaz #Vaulx #Vast #Vaast #Was #Waaz	Sarthe	La Flèche	Mayet		Le Mans	Le Mans	Congrégation de ľ Antique Rigueu #Normandie	Notre-Dame		abbey	m	1726	1726	1790	1790	René Charles Vesnier 	other		m	uncertain				https://fr.wikipedia.org/wiki/Abbaye_de_Vaas	47.6728839	0.2723869	precise			Jaroslava Judita Fabíková
176	Valchrétien			Vallis Christiana #Vau- #Vaux- #Vaul- #Val- #Vaulxchrestien #-cristien	Aisne		Fère-en-Tardenois	Bruyères-sur Fère	Soissons	Soissons	France #de Prémontré	Notre-Dame et Saint-Ghislain		abbey	d	1134	1134	1790	1790	Gosselin	bishop		m	certain					43.766214	0.2903325	approximate			Jaroslava Judita Fabíková
177	Valguyon			Vallis Guidonis	Yvelines	Mantes-la-Jolie	Bonnières-sur-Seine	Freneusé	Chartres	Versailles	Normandie méridionale	Notre-Dame		priory	m	1234	1234	1500	1790	Guy de Malvoisin	secular lord		m	certain							not found			Jaroslava Judita Fabíková
178	Valmont				Pyrénées-Atlantique	Pau	Nay-Boudettes-Est	Montaut	Bayonne 	Bayonne	Nouvelle circarie de langue francaise	Sainte-Marie-Madeleine		convent for mendicants	f	1989	1989	2020	2020		unknown			uncertain							not found			Jaroslava Judita Fabíková
179	Valprofonde			Profunda Vallis #Vallis profunda #Cella Monialium #Vaul Parfonde #Vauxprofond	Yonne	Sens	Villeneuve-sur-Yonne	Villeneuve-sur-Yonne	Auxerre	Sens-Auxerre	France			convent	m	1141	1141	1212	1212		unknown			uncertain					48.0650983	3.354066	precise			Jaroslava Judita Fabíková
180	Valsecret			Vallis Secreta #Sancta Maria in Vallibus Secretae #Val- #Vas- #Vaussecré #-secré #-segré	Aisne	Château-Thierry	Château-Thierry	Brasles	Soissons	Soissons	France	Notre-Dame		abbey	d	1133	1133	1791	1791	Thibaud	secular lord		m	certain					49.071779	3.4018193	approximate			Jaroslava Judita Fabíková
181	Valsery			Vivarium #Vallis Serena #-Serii #Val- #Vau- #Vaussery #-ser #-sereine #-serenne #-sery # -séry #-serit #-ceri #-cery #-serie #Vaulx-Sery	Aisne	Soissons	Vic-sur-Aisne	Coeuvre-et-Valsery	Soissons	Soissons	France	Notre-Dame		abbey	d	1124	1126	1567	1790	Lézard	bishop		m	certain				https://fr.wikipedia.org/wiki/Abbaye_Notre-Dame_de_Valsery	49.3204195	3.15733	precise			Jaroslava Judita Fabíková
182	Valvion			Vallis Guidonis #-Widonis #-Hugonis #Valguyon #Val Huon #Vallivon	Somme	Amiens	Doullens	Beauquesne	Amiens	Amiens	Ponthieu			abbey	f	1148	1148	1196			unknown			uncertain					50.08372	2.41259	precise			Jaroslava Judita Fabíková
183	Vanault-les-Dames			Vanaudium ad Dominas #Wandium #Vandium #Wasnoo- #-non #-nau #Vanaux	Vanon-les-Nonnains	Vitry-le-Francois		Heiltz-le-Maurupt	Châlons	Châlons	Lorraine	Saint-Rémi		priory	f	1140	1148	1517			unknown			uncertain					48.84342	4.77339	precise			Jaroslava Judita Fabíková
184	Verdun			Sancti Pauli Virdunensis #-extra muros #Saint Paul-hors-les-murs	Meuse				Verdun	Verdun	Lorraine #Congrégation de ľ Antique Rigueu de Champagne	Saint-Paul, évêque de Verdun		abbey	d	1135	1137	1792	1815	Albéron de Chiny	bishop		m	certain					49.15881	5.36897	precise			Jaroslava Judita Fabíková
185	Vermand			Ver- #Vero- #Viromandum #-mandum # -mendum #-mensum #-mans	Aisne	Saint-Quentin			Noyon	Soissons	Flandre	Notre-Dame et Saint-Quentin		abbey	m	1144	1144	1791	1875	Simon	bishop		m	certain				https://fr.wikipedia.org/wiki/Abbaye_de_Vermand	49.87439	3.14527	approximate			Jaroslava Judita Fabíková
186	Vic-Fezensac			Vicus Fesentiaci #Sancta Maria extra muros	Gers	Auch			Auch	Auch	Gascogne	Notre-Dame  		priory	m	1148	1154	1790	1790		other			uncertain					43.75684	0.30247	precise			Jaroslava Judita Fabíková
187	Vicogne			Casa Dei #Casa Dei in Sylva #Vicoigne #Viconia #Viconium	Nord	Valenciennes	Saint-Amand-les-Eaux	Raismes #Vicoigne	Arras	Cambrai	Flandre	Notre-Dame Saint-Blaise et Saint-Sébastien		abbey	d	1132	1132	1790	1790	Guy	monk/nun	hermit	m	certain				https://fr.wikipedia.org/wiki/Abbaye_de_Vicogne	50.05306	2.32167	precise			Jaroslava Judita Fabíková
188	Zubernoa			Suber- #Zubernoa # -noy #Santiago de Subernoa #Prieuré de Hendaye	Pyrénées-Atlantique	Bayonne	Hendaye	Urrugne #Santiago	Bayonne		Gascogne	Saint-Jacques-le-Majeur		priory	m	1195	1195	1792	1792	Guillaume de Zubernoa	other		m	uncertain					43.34247	-1.75335	ambiguous	near Bidassoa River 		Jaroslava Judita Fabíková
